{
  "project_info": {
    "project_number": "672626479839",
    "firebase_url": "https://embebidos-1a9a2.firebaseio.com",
    "project_id": "embebidos-1a9a2",
    "storage_bucket": "embebidos-1a9a2.appspot.com"
  },
  "client": [
    {
      "client_info": {
        "mobilesdk_app_id": "1:672626479839:android:fd9b229e17b6f90c",
        "android_client_info": {
          "package_name": "com.example.nene.electrnica"
        }
      },
      "oauth_client": [
        {
          "client_id": "672626479839-qdgrqo4v6hni9dfrueueuhaj80nlb3b4.apps.googleusercontent.com",
          "client_type": 1,
          "android_info": {
            "package_name": "com.example.nene.electrnica",
            "certificate_hash": "bbf869587ee587766d1ba48d62b28444e6d4a291"
          }
        },
        {
          "client_id": "672626479839-rv2r972mt9uub50j7eueagi1lm5npkrg.apps.googleusercontent.com",
          "client_type": 3
        }
      ],
      "api_key": [
        {
          "current_key": "AIzaSyAlmsGypNRb60LpCg90_OWmlxwim8Q2YNY"
        }
      ],
      "services": {
        "analytics_service": {
          "status": 1
        },
        "appinvite_service": {
          "status": 2,
          "other_platform_oauth_client": [
            {
              "client_id": "672626479839-rv2r972mt9uub50j7eueagi1lm5npkrg.apps.googleusercontent.com",
              "client_type": 3
            }
          ]
        },
        "ads_service": {
          "status": 2
        }
      }
    }
  ],
  "configuration_version": "1"
}